gudlaugurthor,1429
M_RoyalFamily,826
govkorea,2743
TopolanskyLucia,784
sigmargabriel,2546
antoniocostapm,1478
margotwallstrom,2396
KingSalman,323
KolindaGK,453
theresa_may,494
alain_berset,547
AbeShinzo,1306
Macky_Sall,1732
PutinRF_Eng,1892
larsloekke,1725
avucic,1671
alsisiOfficial,2344
bejiCEOfficial,1187
Mbuhari,1267
Rouhani_ir,3142
EPN,3030
CharlesMichel,1812
ppkamigo,2605
EmmanuelMacron,3064
AndrzejDuda,1868
mauriciomacri,3018
TurnbullMalcolm,2164
MichelTemer,2932
JC_Varela,2058
JuanManSantos,3134
luisguillermosr,2779
marianorajoy,1754
